{"cameraMode":{"drawMode":0,"name":"Shaded","section":"Shading Mode"},"sceneLighting":true,"audioPlay":false,"sceneViewState":{"m_AlwaysRefresh":true,"showFog":true,"showSkybox":true,"showFlares":true,"showImageEffects":true,"showParticleSystems":true,"showVisualEffectGraphs":true,"m_FxEnabled":true},"in2DMode":false,"pivot":{"x":10.703757286071778,"y":-1.592036247253418,"z":2.614551544189453},"rotation":{"x":0.20809729397296906,"y":0.40098249912261965,"z":-0.09405460208654404,"w":0.8871671557426453},"size":4.732960224151611,"orthographic":false}